{"cameraMode":{"drawMode":0,"name":"Shaded","section":"Shading Mode"},"sceneLighting":true,"audioPlay":false,"sceneViewState":{"m_AlwaysRefresh":false,"showFog":true,"showSkybox":true,"showFlares":true,"showImageEffects":true,"showParticleSystems":true,"showVisualEffectGraphs":true,"m_FxEnabled":true},"in2DMode":false,"pivot":{"x":-0.859044075012207,"y":2.0376524925231935,"z":-0.18685150146484376},"rotation":{"x":-0.049782268702983859,"y":0.9074855446815491,"z":-0.11247242242097855,"w":-0.4016706645488739},"size":4.807394981384277,"orthographic":false}