{"cameraMode":{"drawMode":0,"name":"Shaded","section":"Shading Mode"},"sceneLighting":true,"audioPlay":false,"sceneViewState":{"m_AlwaysRefresh":false,"showFog":true,"showSkybox":true,"showFlares":true,"showImageEffects":true,"showParticleSystems":true,"showVisualEffectGraphs":true,"m_FxEnabled":true},"in2DMode":false,"pivot":{"x":-3.2473227977752687,"y":0.8149237632751465,"z":4.8349785804748539},"rotation":{"x":-0.07121047377586365,"y":0.3716033697128296,"z":-0.02858917973935604,"w":-0.9252296090126038},"size":5.819950580596924,"orthographic":false}