{"cameraMode":{"drawMode":0,"name":"Shaded","section":"Shading Mode"},"sceneLighting":true,"audioPlay":false,"sceneViewState":{"m_AlwaysRefresh":false,"showFog":true,"showSkybox":true,"showFlares":true,"showImageEffects":true,"showParticleSystems":true,"showVisualEffectGraphs":true,"m_FxEnabled":true},"in2DMode":false,"pivot":{"x":-0.22721454501152039,"y":-0.11337471008300781,"z":-10.441672325134278},"rotation":{"x":-0.013477025553584099,"y":0.9796267747879028,"z":-0.18770042061805726,"w":-0.0703599601984024},"size":3.1968648433685304,"orthographic":false}